,N,exovarsize,seed,method,time,size
0,12,6,333,CVE,22.7372,0.0
1,12,6,333,CCVE,600.6890000000001,0.0
2,12,6,333,CCALP,8334.225699999999,7.535986697144725e-05
